"BehaviorSpace results (NetLogo 6.4.0)","Table version 2.0"
"tutorial_4_lv3.nlogo"
"experiment"
"02/05/2024 15:29:38:425 +0000"
"min-pxcor","max-pxcor","min-pycor","max-pycor"
"0","40","0","40"
"[run number]","offspring_threshold","grow_back_rate","max_food_consumed","[step]","count turtles"
"7","2","1","5","200","116"
"8","2","1","5","200","155"
"3","2","1","5","200","222"
"10","2","1","5","200","136"
"9","2","1","5","200","163"
"6","2","1","5","200","99"
"11","2","1","6","200","210"
"4","2","1","5","200","169"
"5","2","1","5","200","147"
"1","2","1","5","200","167"
"2","2","1","5","200","176"
"12","2","1","6","200","185"
"13","2","1","6","200","194"
"15","2","1","6","200","225"
"14","2","1","6","200","262"
"20","2","1","6","200","155"
"16","2","1","6","200","186"
"21","2","1","7","200","298"
"22","2","1","7","200","187"
"17","2","1","6","200","178"
"18","2","1","6","200","135"
"24","2","1","7","200","347"
"26","2","1","7","200","306"
"27","2","1","7","200","292"
"23","2","1","7","200","275"
"19","2","1","6","200","172"
"25","2","1","7","200","281"
"28","2","1","7","200","243"
"30","2","1","7","200","395"
"29","2","1","7","200","242"
"31","2","1","8","200","341"
"32","2","1","8","200","372"
"33","2","1","8","200","348"
"35","2","1","8","200","287"
"37","2","1","8","200","422"
"39","2","1","8","200","341"
"40","2","1","8","200","381"
"38","2","1","8","200","198"
"36","2","1","8","200","346"
"34","2","1","8","200","327"
"44","2","1","9","200","387"
"43","2","1","9","200","443"
"45","2","1","9","200","378"
"41","2","1","9","200","338"
"42","2","1","9","200","343"
"46","2","1","9","200","355"
"50","2","1","9","200","411"
"51","2","1","10","200","379"
"47","2","1","9","200","455"
"49","2","1","9","200","464"
"52","2","1","10","200","353"
"53","2","1","10","200","474"
"54","2","1","10","200","491"
"56","2","1","10","200","359"
"58","2","1","10","200","404"
"55","2","1","10","200","471"
"48","2","1","9","200","395"
"57","2","1","10","200","420"
"59","2","1","10","200","430"
"62","2","1","11","200","440"
"63","2","1","11","200","371"
"64","2","1","11","200","427"
"60","2","1","10","200","453"
"61","2","1","11","200","484"
"68","2","1","11","200","458"
"66","2","1","11","200","462"
"67","2","1","11","200","475"
"70","2","1","11","200","443"
"69","2","1","11","200","497"
"71","2","1","12","200","499"
"65","2","1","11","200","329"
"73","2","1","12","200","422"
"72","2","1","12","200","532"
"76","2","1","12","200","466"
"77","2","1","12","200","528"
"74","2","1","12","200","373"
"75","2","1","12","200","459"
"78","2","1","12","200","570"
"80","2","1","12","200","473"
"82","2","1","13","200","545"
"79","2","1","12","200","446"
"83","2","1","13","200","557"
"84","2","1","13","200","473"
"85","2","1","13","200","505"
"81","2","1","13","200","500"
"87","2","1","13","200","447"
"86","2","1","13","200","406"
"88","2","1","13","200","545"
"90","2","1","13","200","524"
"91","2","1","14","200","555"
"92","2","1","14","200","551"
"93","2","1","14","200","486"
"94","2","1","14","200","484"
"89","2","1","13","200","478"
"96","2","1","14","200","539"
"95","2","1","14","200","609"
"97","2","1","14","200","511"
"101","2","1","15","200","547"
"99","2","1","14","200","552"
"98","2","1","14","200","535"
"103","2","1","15","200","576"
"100","2","1","14","200","490"
"105","2","1","15","200","556"
"104","2","1","15","200","439"
"106","2","1","15","200","509"
"111","2","2","5","200","133"
"109","2","1","15","200","571"
"112","2","2","5","200","149"
"102","2","1","15","200","552"
"107","2","1","15","200","583"
"108","2","1","15","200","537"
"113","2","2","5","200","130"
"114","2","2","5","200","166"
"110","2","1","15","200","562"
"115","2","2","5","200","139"
"120","2","2","5","200","161"
"116","2","2","5","200","186"
"119","2","2","5","200","132"
"121","2","2","6","200","352"
"118","2","2","5","200","121"
"123","2","2","6","200","172"
"122","2","2","6","200","294"
"124","2","2","6","200","285"
"117","2","2","5","200","146"
"125","2","2","6","200","226"
"127","2","2","6","200","203"
"126","2","2","6","200","286"
"129","2","2","6","200","229"
"128","2","2","6","200","316"
"131","2","2","7","200","301"
"130","2","2","6","200","269"
"133","2","2","7","200","241"
"134","2","2","7","200","407"
"135","2","2","7","200","220"
"137","2","2","7","200","309"
"132","2","2","7","200","261"
"138","2","2","7","200","312"
"136","2","2","7","200","233"
"139","2","2","7","200","233"
"140","2","2","7","200","300"
"141","2","2","8","200","469"
"142","2","2","8","200","409"
"145","2","2","8","200","322"
"143","2","2","8","200","452"
"146","2","2","8","200","507"
"147","2","2","8","200","348"
"149","2","2","8","200","563"
"148","2","2","8","200","477"
"144","2","2","8","200","424"
"150","2","2","8","200","440"
"151","2","2","9","200","358"
"153","2","2","9","200","344"
"154","2","2","9","200","258"
"155","2","2","9","200","561"
"152","2","2","9","200","495"
"156","2","2","9","200","414"
"158","2","2","9","200","414"
"159","2","2","9","200","545"
"157","2","2","9","200","341"
"160","2","2","9","200","338"
"162","2","2","10","200","658"
"161","2","2","10","200","665"
"164","2","2","10","200","642"
"163","2","2","10","200","648"
"166","2","2","10","200","628"
"165","2","2","10","200","611"
"169","2","2","10","200","666"
"167","2","2","10","200","651"
"173","2","2","11","200","504"
"168","2","2","10","200","688"
"174","2","2","11","200","494"
"172","2","2","11","200","563"
"171","2","2","11","200","502"
"170","2","2","10","200","627"
"177","2","2","11","200","413"
"175","2","2","11","200","569"
"179","2","2","11","200","502"
"178","2","2","11","200","405"
"180","2","2","11","200","584"
"181","2","2","12","200","788"
"182","2","2","12","200","884"
"183","2","2","12","200","684"
"176","2","2","11","200","583"
"184","2","2","12","200","748"
"185","2","2","12","200","750"
"186","2","2","12","200","768"
"188","2","2","12","200","781"
"190","2","2","12","200","708"
"187","2","2","12","200","742"
"192","2","2","13","200","748"
"193","2","2","13","200","671"
"189","2","2","12","200","651"
"196","2","2","13","200","651"
"191","2","2","13","200","668"
"195","2","2","13","200","703"
"198","2","2","13","200","680"
"199","2","2","13","200","683"
"197","2","2","13","200","681"
"194","2","2","13","200","834"
"200","2","2","13","200","637"
"201","2","2","14","200","862"
"204","2","2","14","200","853"
"203","2","2","14","200","900"
"205","2","2","14","200","837"
"206","2","2","14","200","841"
"202","2","2","14","200","900"
"207","2","2","14","200","878"
"209","2","2","14","200","879"
"210","2","2","14","200","735"
"208","2","2","14","200","805"
"212","2","2","15","200","896"
"213","2","2","15","200","580"
"211","2","2","15","200","919"
"216","2","2","15","200","702"
"215","2","2","15","200","796"
"214","2","2","15","200","805"
"218","2","2","15","200","872"
"221","2","3","5","200","131"
"219","2","2","15","200","778"
"222","2","3","5","200","121"
"217","2","2","15","200","859"
"223","2","3","5","200","124"
"225","2","3","5","200","105"
"220","2","2","15","200","818"
"228","2","3","5","200","139"
"227","2","3","5","200","129"
"226","2","3","5","200","142"
"224","2","3","5","200","136"
"230","2","3","5","200","100"
"229","2","3","5","200","155"
"231","2","3","6","200","310"
"234","2","3","6","200","267"
"233","2","3","6","200","338"
"232","2","3","6","200","403"
"235","2","3","6","200","353"
"239","2","3","6","200","358"
"241","2","3","7","200","253"
"240","2","3","6","200","271"
"237","2","3","6","200","300"
"238","2","3","6","200","365"
"236","2","3","6","200","320"
"244","2","3","7","200","238"
"245","2","3","7","200","171"
"243","2","3","7","200","199"
"242","2","3","7","200","306"
"246","2","3","7","200","299"
"250","2","3","7","200","281"
"251","2","3","8","200","321"
"247","2","3","7","200","309"
"254","2","3","8","200","298"
"248","2","3","7","200","288"
"253","2","3","8","200","222"
"252","2","3","8","200","304"
"256","2","3","8","200","327"
"255","2","3","8","200","313"
"258","2","3","8","200","475"
"257","2","3","8","200","331"
"249","2","3","7","200","210"
"260","2","3","8","200","327"
"259","2","3","8","200","303"
"262","2","3","9","200","695"
"263","2","3","9","200","710"
"261","2","3","9","200","766"
"264","2","3","9","200","833"
"269","2","3","9","200","630"
"265","2","3","9","200","878"
"270","2","3","9","200","680"
"267","2","3","9","200","718"
"268","2","3","9","200","586"
"272","2","3","10","200","488"
"271","2","3","10","200","560"
"266","2","3","9","200","687"
"273","2","3","10","200","481"
"275","2","3","10","200","503"
"274","2","3","10","200","519"
"276","2","3","10","200","507"
"278","2","3","10","200","477"
"277","2","3","10","200","517"
"279","2","3","10","200","505"
"281","2","3","11","200","585"
"282","2","3","11","200","412"
"285","2","3","11","200","465"
"283","2","3","11","200","513"
"284","2","3","11","200","626"
"287","2","3","11","200","551"
"280","2","3","10","200","457"
"286","2","3","11","200","526"
"288","2","3","11","200","694"
"289","2","3","11","200","643"
"290","2","3","11","200","464"
"291","2","3","12","200","959"
"296","2","3","12","200","970"
"295","2","3","12","200","983"
"293","2","3","12","200","1033"
"292","2","3","12","200","1108"
"297","2","3","12","200","976"
"298","2","3","12","200","1031"
"294","2","3","12","200","838"
"300","2","3","12","200","1000"
"303","2","3","13","200","627"
"304","2","3","13","200","876"
"305","2","3","13","200","741"
"299","2","3","12","200","1006"
"301","2","3","13","200","840"
"302","2","3","13","200","828"
"307","2","3","13","200","546"
"310","2","3","13","200","745"
"306","2","3","13","200","835"
"309","2","3","13","200","716"
"308","2","3","13","200","770"
"311","2","3","14","200","891"
"312","2","3","14","200","831"
"313","2","3","14","200","892"
"314","2","3","14","200","799"
"317","2","3","14","200","855"
"315","2","3","14","200","859"
"318","2","3","14","200","721"
"320","2","3","14","200","668"
"316","2","3","14","200","824"
"319","2","3","14","200","1019"
"321","2","3","15","200","1193"
"322","2","3","15","200","1237"
"324","2","3","15","200","1131"
"323","2","3","15","200","1240"
"331","2","4","5","200","140"
"332","2","4","5","200","107"
"330","2","3","15","200","993"
"325","2","3","15","200","1230"
"326","2","3","15","200","1206"
"328","2","3","15","200","1162"
"329","2","3","15","200","1175"
"334","2","4","5","200","109"
"333","2","4","5","200","147"
"335","2","4","5","200","209"
"336","2","4","5","200","167"
"339","2","4","5","200","136"
"338","2","4","5","200","160"
"327","2","3","15","200","976"
"337","2","4","5","200","145"
"340","2","4","5","200","132"
"341","2","4","6","200","260"
"342","2","4","6","200","233"
"343","2","4","6","200","257"
"344","2","4","6","200","254"
"345","2","4","6","200","376"
"348","2","4","6","200","209"
"350","2","4","6","200","227"
"349","2","4","6","200","214"
"347","2","4","6","200","232"
"346","2","4","6","200","276"
"352","2","4","7","200","211"
"354","2","4","7","200","292"
"351","2","4","7","200","326"
"355","2","4","7","200","309"
"356","2","4","7","200","243"
"353","2","4","7","200","229"
"357","2","4","7","200","200"
"360","2","4","7","200","238"
"362","2","4","8","200","410"
"359","2","4","7","200","229"
"358","2","4","7","200","252"
"363","2","4","8","200","704"
"361","2","4","8","200","630"
"365","2","4","8","200","395"
"364","2","4","8","200","624"
"366","2","4","8","200","680"
"367","2","4","8","200","793"
"368","2","4","8","200","557"
"371","2","4","9","200","287"
"370","2","4","8","200","679"
"369","2","4","8","200","523"
"374","2","4","9","200","393"
"372","2","4","9","200","449"
"375","2","4","9","200","362"
"373","2","4","9","200","438"
"378","2","4","9","200","384"
"376","2","4","9","200","466"
"377","2","4","9","200","407"
"380","2","4","9","200","451"
"382","2","4","10","200","619"
"381","2","4","10","200","409"
"384","2","4","10","200","648"
"383","2","4","10","200","595"
"385","2","4","10","200","552"
"386","2","4","10","200","768"
"379","2","4","9","200","428"
"388","2","4","10","200","472"
"387","2","4","10","200","618"
"390","2","4","10","200","584"
"389","2","4","10","200","506"
"391","2","4","11","200","558"
"392","2","4","11","200","617"
"393","2","4","11","200","552"
"395","2","4","11","200","508"
"396","2","4","11","200","645"
"397","2","4","11","200","557"
"398","2","4","11","200","444"
"399","2","4","11","200","469"
"400","2","4","11","200","632"
"394","2","4","11","200","518"
"401","2","4","12","200","1161"
"402","2","4","12","200","1092"
"404","2","4","12","200","1144"
"403","2","4","12","200","1404"
"407","2","4","12","200","1040"
"406","2","4","12","200","1116"
"405","2","4","12","200","1216"
"410","2","4","12","200","1143"
"411","2","4","13","200","669"
"412","2","4","13","200","609"
"409","2","4","12","200","1203"
"416","2","4","13","200","644"
"408","2","4","12","200","1152"
"413","2","4","13","200","585"
"417","2","4","13","200","759"
"415","2","4","13","200","762"
"418","2","4","13","200","735"
"414","2","4","13","200","883"
"419","2","4","13","200","763"
"420","2","4","13","200","725"
"423","2","4","14","200","1073"
"425","2","4","14","200","1010"
"422","2","4","14","200","1065"
"426","2","4","14","200","828"
"424","2","4","14","200","1202"
"428","2","4","14","200","1003"
"421","2","4","14","200","1042"
"427","2","4","14","200","1076"
"430","2","4","14","200","940"
"429","2","4","14","200","1086"
"431","2","4","15","200","871"
"432","2","4","15","200","621"
"434","2","4","15","200","855"
"433","2","4","15","200","879"
"436","2","4","15","200","886"
"441","2","5","5","200","278"
"437","2","4","15","200","894"
"438","2","4","15","200","866"
"439","2","4","15","200","709"
"435","2","4","15","200","1019"
"442","2","5","5","200","210"
"444","2","5","5","200","266"
"440","2","4","15","200","970"
"446","2","5","5","200","195"
"445","2","5","5","200","204"
"443","2","5","5","200","250"
"447","2","5","5","200","244"
"448","2","5","5","200","309"
"449","2","5","5","200","251"
"450","2","5","5","200","246"
"453","2","5","6","200","164"
"452","2","5","6","200","203"
"451","2","5","6","200","226"
"454","2","5","6","200","177"
"455","2","5","6","200","161"
"458","2","5","6","200","228"
"459","2","5","6","200","183"
"457","2","5","6","200","137"
"460","2","5","6","200","263"
"456","2","5","6","200","207"
"462","2","5","7","200","276"
"463","2","5","7","200","229"
"461","2","5","7","200","360"
"464","2","5","7","200","214"
"465","2","5","7","200","251"
"467","2","5","7","200","240"
"466","2","5","7","200","272"
"469","2","5","7","200","212"
"468","2","5","7","200","193"
"472","2","5","8","200","382"
"470","2","5","7","200","250"
"473","2","5","8","200","323"
"471","2","5","8","200","291"
"474","2","5","8","200","449"
"475","2","5","8","200","343"
"476","2","5","8","200","338"
"478","2","5","8","200","312"
"480","2","5","8","200","363"
"479","2","5","8","200","239"
"481","2","5","9","200","360"
"477","2","5","8","200","245"
"482","2","5","9","200","377"
"485","2","5","9","200","425"
"484","2","5","9","200","312"
"483","2","5","9","200","354"
"486","2","5","9","200","411"
"487","2","5","9","200","388"
"490","2","5","9","200","449"
"488","2","5","9","200","449"
"489","2","5","9","200","328"
"491","2","5","10","200","1195"
"494","2","5","10","200","1073"
"492","2","5","10","200","1081"
"493","2","5","10","200","955"
"495","2","5","10","200","1091"
"496","2","5","10","200","1191"
"497","2","5","10","200","1060"
"499","2","5","10","200","978"
"501","2","5","11","200","558"
"502","2","5","11","200","461"
"500","2","5","10","200","1273"
"504","2","5","11","200","566"
"503","2","5","11","200","509"
"498","2","5","10","200","1078"
"506","2","5","11","200","719"
"505","2","5","11","200","656"
"507","2","5","11","200","450"
"509","2","5","11","200","639"
"510","2","5","11","200","607"
"508","2","5","11","200","645"
"513","2","5","12","200","773"
"511","2","5","12","200","780"
"514","2","5","12","200","758"
"516","2","5","12","200","671"
"517","2","5","12","200","599"
"515","2","5","12","200","755"
"519","2","5","12","200","441"
"518","2","5","12","200","614"
"520","2","5","12","200","690"
"512","2","5","12","200","664"
"523","2","5","13","200","606"
"522","2","5","13","200","889"
"521","2","5","13","200","767"
"525","2","5","13","200","801"
"524","2","5","13","200","607"
"527","2","5","13","200","788"
"526","2","5","13","200","629"
"530","2","5","13","200","684"
"529","2","5","13","200","799"
"532","2","5","14","200","870"
"531","2","5","14","200","825"
"533","2","5","14","200","838"
"528","2","5","13","200","763"
"534","2","5","14","200","633"
"537","2","5","14","200","704"
"536","2","5","14","200","840"
"535","2","5","14","200","996"
"538","2","5","14","200","775"
"539","2","5","14","200","972"
"540","2","5","14","200","586"
"543","2","5","15","200","1540"
"546","2","5","15","200","1547"
"544","2","5","15","200","1794"
"542","2","5","15","200","1851"
"541","2","5","15","200","1522"
"551","4","1","5","200","58"
"545","2","5","15","200","1755"
"547","2","5","15","200","1482"
"552","4","1","5","200","55"
"548","2","5","15","200","1708"
"549","2","5","15","200","1631"
"554","4","1","5","200","52"
"553","4","1","5","200","65"
"550","2","5","15","200","1732"
"555","4","1","5","200","67"
"557","4","1","5","200","66"
"556","4","1","5","200","82"
"559","4","1","5","200","88"
"560","4","1","5","200","72"
"558","4","1","5","200","62"
"562","4","1","6","200","89"
"563","4","1","6","200","100"
"561","4","1","6","200","81"
"564","4","1","6","200","104"
"567","4","1","6","200","89"
"566","4","1","6","200","84"
"565","4","1","6","200","85"
"568","4","1","6","200","96"
"569","4","1","6","200","110"
"573","4","1","7","200","98"
"574","4","1","7","200","120"
"577","4","1","7","200","116"
"570","4","1","6","200","64"
"575","4","1","7","200","105"
"572","4","1","7","200","112"
"576","4","1","7","200","124"
"578","4","1","7","200","86"
"579","4","1","7","200","99"
"580","4","1","7","200","98"
"581","4","1","8","200","124"
"571","4","1","7","200","132"
"583","4","1","8","200","118"
"582","4","1","8","200","131"
"585","4","1","8","200","79"
"584","4","1","8","200","132"
"587","4","1","8","200","115"
"586","4","1","8","200","139"
"588","4","1","8","200","107"
"590","4","1","8","200","176"
"591","4","1","9","200","119"
"592","4","1","9","200","128"
"594","4","1","9","200","174"
"589","4","1","8","200","116"
"593","4","1","9","200","152"
"595","4","1","9","200","133"
"600","4","1","9","200","140"
"599","4","1","9","200","177"
"597","4","1","9","200","148"
"596","4","1","9","200","140"
"603","4","1","10","200","134"
"598","4","1","9","200","157"
"602","4","1","10","200","208"
"604","4","1","10","200","165"
"605","4","1","10","200","108"
"608","4","1","10","200","246"
"606","4","1","10","200","241"
"601","4","1","10","200","176"
"607","4","1","10","200","146"
"609","4","1","10","200","189"
"610","4","1","10","200","199"
"611","4","1","11","200","194"
"612","4","1","11","200","206"
"613","4","1","11","200","203"
"614","4","1","11","200","180"
"617","4","1","11","200","214"
"616","4","1","11","200","202"
"619","4","1","11","200","201"
"618","4","1","11","200","235"
"620","4","1","11","200","169"
"621","4","1","12","200","164"
"615","4","1","11","200","254"
"625","4","1","12","200","244"
"622","4","1","12","200","199"
"626","4","1","12","200","168"
"627","4","1","12","200","233"
"623","4","1","12","200","240"
"628","4","1","12","200","222"
"624","4","1","12","200","245"
"630","4","1","12","200","228"
"633","4","1","13","200","254"
"635","4","1","13","200","254"
"631","4","1","13","200","242"
"632","4","1","13","200","243"
"636","4","1","13","200","226"
"634","4","1","13","200","223"
"629","4","1","12","200","187"
"637","4","1","13","200","258"
"639","4","1","13","200","196"
"638","4","1","13","200","264"
"640","4","1","13","200","261"
"643","4","1","14","200","239"
"641","4","1","14","200","244"
"645","4","1","14","200","279"
"642","4","1","14","200","267"
"646","4","1","14","200","289"
"647","4","1","14","200","233"
"651","4","1","15","200","274"
"644","4","1","14","200","183"
"648","4","1","14","200","269"
"649","4","1","14","200","206"
"650","4","1","14","200","267"
"653","4","1","15","200","269"
"652","4","1","15","200","235"
"654","4","1","15","200","296"
"655","4","1","15","200","304"
"657","4","1","15","200","245"
"659","4","1","15","200","303"
"662","4","2","5","200","71"
"661","4","2","5","200","69"
"658","4","1","15","200","228"
"660","4","1","15","200","279"
"663","4","2","5","200","65"
"664","4","2","5","200","62"
"665","4","2","5","200","66"
"656","4","1","15","200","266"
"666","4","2","5","200","68"
"670","4","2","5","200","62"
"669","4","2","5","200","66"
"668","4","2","5","200","70"
"667","4","2","5","200","72"
"671","4","2","6","200","93"
"674","4","2","6","200","90"
"675","4","2","6","200","94"
"672","4","2","6","200","115"
"676","4","2","6","200","98"
"677","4","2","6","200","82"
"678","4","2","6","200","116"
"679","4","2","6","200","120"
"673","4","2","6","200","93"
"681","4","2","7","200","94"
"680","4","2","6","200","129"
"683","4","2","7","200","117"
"682","4","2","7","200","105"
"684","4","2","7","200","95"
"686","4","2","7","200","118"
"685","4","2","7","200","93"
"688","4","2","7","200","100"
"689","4","2","7","200","114"
"690","4","2","7","200","109"
"691","4","2","8","200","157"
"693","4","2","8","200","161"
"694","4","2","8","200","160"
"692","4","2","8","200","197"
"687","4","2","7","200","125"
"695","4","2","8","200","169"
"696","4","2","8","200","163"
"697","4","2","8","200","146"
"698","4","2","8","200","106"
"699","4","2","8","200","164"
"703","4","2","9","200","164"
"701","4","2","9","200","185"
"700","4","2","8","200","139"
"704","4","2","9","200","165"
"705","4","2","9","200","147"
"706","4","2","9","200","128"
"702","4","2","9","200","169"
"708","4","2","9","200","132"
"707","4","2","9","200","103"
"711","4","2","10","200","243"
"712","4","2","10","200","222"
"709","4","2","9","200","161"
"710","4","2","9","200","138"
"713","4","2","10","200","234"
"715","4","2","10","200","290"
"716","4","2","10","200","208"
"717","4","2","10","200","252"
"718","4","2","10","200","249"
"719","4","2","10","200","213"
"714","4","2","10","200","253"
"721","4","2","11","200","175"
"722","4","2","11","200","264"
"720","4","2","10","200","231"
"725","4","2","11","200","226"
"724","4","2","11","200","243"
"723","4","2","11","200","228"
"726","4","2","11","200","259"
"728","4","2","11","200","167"
"729","4","2","11","200","259"
"730","4","2","11","200","214"
"727","4","2","11","200","211"
"731","4","2","12","200","303"
"732","4","2","12","200","311"
"733","4","2","12","200","329"
"736","4","2","12","200","226"
"734","4","2","12","200","332"
"735","4","2","12","200","359"
"739","4","2","12","200","264"
"737","4","2","12","200","248"
"740","4","2","12","200","309"
"741","4","2","13","200","286"
"738","4","2","12","200","292"
"742","4","2","13","200","234"
"743","4","2","13","200","226"
"745","4","2","13","200","186"
"744","4","2","13","200","204"
"747","4","2","13","200","304"
"746","4","2","13","200","264"
"750","4","2","13","200","236"
"748","4","2","13","200","262"
"749","4","2","13","200","247"
"752","4","2","14","200","345"
"753","4","2","14","200","311"
"754","4","2","14","200","354"
"756","4","2","14","200","292"
"751","4","2","14","200","344"
"755","4","2","14","200","405"
"757","4","2","14","200","347"
"759","4","2","14","200","316"
"760","4","2","14","200","328"
"761","4","2","15","200","213"
"762","4","2","15","200","360"
"763","4","2","15","200","343"
"766","4","2","15","200","270"
"764","4","2","15","200","324"
"765","4","2","15","200","370"
"769","4","2","15","200","304"
"758","4","2","14","200","399"
"767","4","2","15","200","300"
"768","4","2","15","200","298"
"771","4","3","5","200","54"
"770","4","2","15","200","285"
"773","4","3","5","200","58"
"774","4","3","5","200","59"
"772","4","3","5","200","58"
"777","4","3","5","200","61"
"776","4","3","5","200","67"
"778","4","3","5","200","51"
"779","4","3","5","200","57"
"781","4","3","6","200","122"
"780","4","3","5","200","53"
"775","4","3","5","200","60"
"783","4","3","6","200","140"
"782","4","3","6","200","134"
"784","4","3","6","200","94"
"785","4","3","6","200","103"
"787","4","3","6","200","136"
"786","4","3","6","200","122"
"790","4","3","6","200","96"
"788","4","3","6","200","103"
"793","4","3","7","200","97"
"791","4","3","7","200","101"
"794","4","3","7","200","112"
"792","4","3","7","200","123"
"795","4","3","7","200","124"
"789","4","3","6","200","106"
"796","4","3","7","200","91"
"797","4","3","7","200","80"
"798","4","3","7","200","117"
"800","4","3","7","200","122"
"799","4","3","7","200","99"
"801","4","3","8","200","132"
"802","4","3","8","200","116"
"804","4","3","8","200","99"
"805","4","3","8","200","148"
"807","4","3","8","200","120"
"803","4","3","8","200","136"
"806","4","3","8","200","126"
"809","4","3","8","200","144"
"808","4","3","8","200","117"
"811","4","3","9","200","219"
"810","4","3","8","200","155"
"813","4","3","9","200","193"
"815","4","3","9","200","267"
"812","4","3","9","200","244"
"816","4","3","9","200","230"
"814","4","3","9","200","262"
"817","4","3","9","200","283"
"818","4","3","9","200","287"
"820","4","3","9","200","261"
"819","4","3","9","200","260"
"821","4","3","10","200","166"
"822","4","3","10","200","236"
"823","4","3","10","200","175"
"825","4","3","10","200","201"
"826","4","3","10","200","218"
"827","4","3","10","200","212"
"829","4","3","10","200","190"
"824","4","3","10","200","215"
"828","4","3","10","200","191"
"830","4","3","10","200","166"
"831","4","3","11","200","191"
"833","4","3","11","200","200"
"834","4","3","11","200","231"
"835","4","3","11","200","273"
"837","4","3","11","200","163"
"832","4","3","11","200","268"
"838","4","3","11","200","220"
"836","4","3","11","200","189"
"839","4","3","11","200","184"
"840","4","3","11","200","238"
"841","4","3","12","200","420"
"842","4","3","12","200","342"
"843","4","3","12","200","400"
"844","4","3","12","200","485"
"845","4","3","12","200","402"
"847","4","3","12","200","321"
"848","4","3","12","200","438"
"846","4","3","12","200","386"
"849","4","3","12","200","423"
"850","4","3","12","200","404"
"851","4","3","13","200","260"
"853","4","3","13","200","284"
"852","4","3","13","200","238"
"854","4","3","13","200","265"
"855","4","3","13","200","304"
"857","4","3","13","200","304"
"858","4","3","13","200","249"
"860","4","3","13","200","207"
"856","4","3","13","200","306"
"861","4","3","14","200","331"
"859","4","3","13","200","293"
"862","4","3","14","200","278"
"864","4","3","14","200","266"
"863","4","3","14","200","289"
"865","4","3","14","200","255"
"866","4","3","14","200","351"
"869","4","3","14","200","313"
"868","4","3","14","200","296"
"870","4","3","14","200","251"
"871","4","3","15","200","461"
"872","4","3","15","200","498"
"873","4","3","15","200","485"
"867","4","3","14","200","286"
"874","4","3","15","200","450"
"875","4","3","15","200","478"
"878","4","3","15","200","477"
"881","4","4","5","200","55"
"879","4","3","15","200","475"
"877","4","3","15","200","526"
"876","4","3","15","200","566"
"880","4","3","15","200","582"
"884","4","4","5","200","67"
"882","4","4","5","200","60"
"883","4","4","5","200","65"
"886","4","4","5","200","69"
"887","4","4","5","200","69"
"889","4","4","5","200","75"
"888","4","4","5","200","69"
"890","4","4","5","200","79"
"885","4","4","5","200","75"
"891","4","4","6","200","94"
"893","4","4","6","200","87"
"892","4","4","6","200","78"
"894","4","4","6","200","91"
"895","4","4","6","200","87"
"897","4","4","6","200","112"
"896","4","4","6","200","106"
"899","4","4","6","200","94"
"900","4","4","6","200","98"
"898","4","4","6","200","87"
"901","4","4","7","200","115"
"903","4","4","7","200","108"
"904","4","4","7","200","91"
"902","4","4","7","200","93"
"907","4","4","7","200","99"
"906","4","4","7","200","111"
"905","4","4","7","200","105"
"910","4","4","7","200","86"
"908","4","4","7","200","105"
"911","4","4","8","200","196"
"909","4","4","7","200","102"
"912","4","4","8","200","226"
"913","4","4","8","200","204"
"914","4","4","8","200","241"
"915","4","4","8","200","268"
"916","4","4","8","200","218"
"918","4","4","8","200","236"
"921","4","4","9","200","141"
"919","4","4","8","200","229"
"920","4","4","8","200","236"
"917","4","4","8","200","239"
"922","4","4","9","200","120"
"925","4","4","9","200","148"
"924","4","4","9","200","151"
"923","4","4","9","200","150"
"926","4","4","9","200","148"
"927","4","4","9","200","130"
"928","4","4","9","200","141"
"931","4","4","10","200","204"
"929","4","4","9","200","182"
"930","4","4","9","200","157"
"932","4","4","10","200","233"
"934","4","4","10","200","257"
"933","4","4","10","200","209"
"936","4","4","10","200","204"
"935","4","4","10","200","226"
"937","4","4","10","200","286"
"940","4","4","10","200","242"
"939","4","4","10","200","256"
"941","4","4","11","200","197"
"938","4","4","10","200","223"
"942","4","4","11","200","227"
"943","4","4","11","200","217"
"944","4","4","11","200","220"
"945","4","4","11","200","206"
"946","4","4","11","200","241"
"947","4","4","11","200","204"
"948","4","4","11","200","210"
"950","4","4","11","200","283"
"949","4","4","11","200","177"
"951","4","4","12","200","417"
"953","4","4","12","200","390"
"952","4","4","12","200","454"
"954","4","4","12","200","456"
"956","4","4","12","200","362"
"955","4","4","12","200","508"
"959","4","4","12","200","417"
"960","4","4","12","200","446"
"957","4","4","12","200","427"
"961","4","4","13","200","270"
"963","4","4","13","200","246"
"962","4","4","13","200","294"
"958","4","4","12","200","461"
"964","4","4","13","200","257"
"966","4","4","13","200","265"
"965","4","4","13","200","247"
"969","4","4","13","200","254"
"970","4","4","13","200","249"
"967","4","4","13","200","265"
"968","4","4","13","200","276"
"972","4","4","14","200","422"
"973","4","4","14","200","231"
"971","4","4","14","200","353"
"975","4","4","14","200","388"
"976","4","4","14","200","396"
"974","4","4","14","200","431"
"977","4","4","14","200","414"
"978","4","4","14","200","422"
"980","4","4","14","200","235"
"979","4","4","14","200","349"
"983","4","4","15","200","210"
"982","4","4","15","200","277"
"981","4","4","15","200","323"
"987","4","4","15","200","316"
"984","4","4","15","200","359"
"986","4","4","15","200","303"
"985","4","4","15","200","408"
"988","4","4","15","200","384"
"992","4","5","5","200","80"
"990","4","4","15","200","265"
"989","4","4","15","200","383"
"991","4","5","5","200","76"
"993","4","5","5","200","80"
"999","4","5","5","200","92"
"998","4","5","5","200","97"
"997","4","5","5","200","99"
"994","4","5","5","200","90"
"996","4","5","5","200","87"
"995","4","5","5","200","93"
"1001","4","5","6","200","79"
"1004","4","5","6","200","107"
"1002","4","5","6","200","74"
"1003","4","5","6","200","77"
"1005","4","5","6","200","78"
"1006","4","5","6","200","77"
"1007","4","5","6","200","88"
"1000","4","5","5","200","92"
"1009","4","5","6","200","68"
"1008","4","5","6","200","85"
"1010","4","5","6","200","83"
"1011","4","5","7","200","115"
"1013","4","5","7","200","123"
"1012","4","5","7","200","100"
"1014","4","5","7","200","89"
"1016","4","5","7","200","87"
"1018","4","5","7","200","94"
"1017","4","5","7","200","95"
"1019","4","5","7","200","97"
"1020","4","5","7","200","107"
"1015","4","5","7","200","121"
"1021","4","5","8","200","147"
"1022","4","5","8","200","131"
"1023","4","5","8","200","168"
"1024","4","5","8","200","137"
"1025","4","5","8","200","122"
"1026","4","5","8","200","165"
"1027","4","5","8","200","112"
"1029","4","5","8","200","161"
"1031","4","5","9","200","160"
"1030","4","5","8","200","113"
"1028","4","5","8","200","118"
"1034","4","5","9","200","127"
"1032","4","5","9","200","181"
"1033","4","5","9","200","176"
"1035","4","5","9","200","155"
"1036","4","5","9","200","137"
"1037","4","5","9","200","186"
"1038","4","5","9","200","149"
"1040","4","5","9","200","162"
"1041","4","5","10","200","411"
"1039","4","5","9","200","164"
"1042","4","5","10","200","371"
"1043","4","5","10","200","356"
"1045","4","5","10","200","424"
"1046","4","5","10","200","318"
"1047","4","5","10","200","377"
"1044","4","5","10","200","434"
"1048","4","5","10","200","324"
"1050","4","5","10","200","324"
"1051","4","5","11","200","179"
"1052","4","5","11","200","186"
"1049","4","5","10","200","361"
"1054","4","5","11","200","206"
"1055","4","5","11","200","230"
"1053","4","5","11","200","256"
"1056","4","5","11","200","216"
"1059","4","5","11","200","191"
"1057","4","5","11","200","239"
"1058","4","5","11","200","184"
"1061","4","5","12","200","259"
"1062","4","5","12","200","247"
"1063","4","5","12","200","173"
"1064","4","5","12","200","251"
"1060","4","5","11","200","216"
"1065","4","5","12","200","229"
"1066","4","5","12","200","223"
"1068","4","5","12","200","179"
"1067","4","5","12","200","232"
"1069","4","5","12","200","267"
"1071","4","5","13","200","262"
"1073","4","5","13","200","269"
"1070","4","5","12","200","238"
"1075","4","5","13","200","277"
"1074","4","5","13","200","285"
"1076","4","5","13","200","211"
"1072","4","5","13","200","296"
"1078","4","5","13","200","262"
"1077","4","5","13","200","263"
"1079","4","5","13","200","326"
"1081","4","5","14","200","289"
"1080","4","5","13","200","273"
"1082","4","5","14","200","266"
"1083","4","5","14","200","292"
"1085","4","5","14","200","255"
"1087","4","5","14","200","275"
"1086","4","5","14","200","360"
"1088","4","5","14","200","294"
"1084","4","5","14","200","317"
"1089","4","5","14","200","219"
"1090","4","5","14","200","270"
"1092","4","5","15","200","658"
"1091","4","5","15","200","754"
"1093","4","5","15","200","745"
"1094","4","5","15","200","620"
"1095","4","5","15","200","636"
"1096","4","5","15","200","630"
"1101","6","1","5","200","54"
"1097","4","5","15","200","708"
"1103","6","1","5","200","46"
"1099","4","5","15","200","620"
"1098","4","5","15","200","726"
"1102","6","1","5","200","44"
"1100","4","5","15","200","550"
"1105","6","1","5","200","42"
"1107","6","1","5","200","44"
"1108","6","1","5","200","48"
"1106","6","1","5","200","38"
"1111","6","1","6","200","54"
"1110","6","1","5","200","48"
"1109","6","1","5","200","50"
"1112","6","1","6","200","65"
"1104","6","1","5","200","45"
"1114","6","1","6","200","60"
"1113","6","1","6","200","49"
"1115","6","1","6","200","50"
"1116","6","1","6","200","66"
"1119","6","1","6","200","66"
"1118","6","1","6","200","61"
"1117","6","1","6","200","57"
"1122","6","1","7","200","73"
"1121","6","1","7","200","69"
"1125","6","1","7","200","71"
"1124","6","1","7","200","65"
"1126","6","1","7","200","79"
"1123","6","1","7","200","84"
"1127","6","1","7","200","73"
"1120","6","1","6","200","55"
"1128","6","1","7","200","56"
"1129","6","1","7","200","81"
"1130","6","1","7","200","82"
"1132","6","1","8","200","103"
"1131","6","1","8","200","102"
"1133","6","1","8","200","76"
"1136","6","1","8","200","91"
"1137","6","1","8","200","83"
"1138","6","1","8","200","65"
"1134","6","1","8","200","70"
"1140","6","1","8","200","69"
"1139","6","1","8","200","67"
"1142","6","1","9","200","122"
"1143","6","1","9","200","116"
"1144","6","1","9","200","91"
"1141","6","1","9","200","86"
"1145","6","1","9","200","98"
"1147","6","1","9","200","101"
"1146","6","1","9","200","82"
"1150","6","1","9","200","87"
"1148","6","1","9","200","121"
"1149","6","1","9","200","116"
"1135","6","1","8","200","89"
"1151","6","1","10","200","91"
"1152","6","1","10","200","115"
"1153","6","1","10","200","111"
"1154","6","1","10","200","113"
"1155","6","1","10","200","104"
"1157","6","1","10","200","122"
"1156","6","1","10","200","129"
"1159","6","1","10","200","101"
"1161","6","1","11","200","126"
"1163","6","1","11","200","142"
"1160","6","1","10","200","136"
"1164","6","1","11","200","110"
"1165","6","1","11","200","139"
"1162","6","1","11","200","123"
"1158","6","1","10","200","118"
"1166","6","1","11","200","123"
"1168","6","1","11","200","152"
"1171","6","1","12","200","118"
"1170","6","1","11","200","120"
"1167","6","1","11","200","113"
"1169","6","1","11","200","117"
"1172","6","1","12","200","109"
"1175","6","1","12","200","107"
"1176","6","1","12","200","113"
"1177","6","1","12","200","144"
"1174","6","1","12","200","123"
"1178","6","1","12","200","152"
"1179","6","1","12","200","117"
"1180","6","1","12","200","147"
"1181","6","1","13","200","142"
"1183","6","1","13","200","132"
"1182","6","1","13","200","154"
"1173","6","1","12","200","134"
"1186","6","1","13","200","112"
"1185","6","1","13","200","146"
"1184","6","1","13","200","137"
"1188","6","1","13","200","161"
"1187","6","1","13","200","143"
"1189","6","1","13","200","157"
"1190","6","1","13","200","150"
"1195","6","1","14","200","146"
"1193","6","1","14","200","197"
"1197","6","1","14","200","124"
"1192","6","1","14","200","169"
"1196","6","1","14","200","171"
"1194","6","1","14","200","163"
"1198","6","1","14","200","186"
"1191","6","1","14","200","139"
"1199","6","1","14","200","159"
"1201","6","1","15","200","147"
"1200","6","1","14","200","206"
"1205","6","1","15","200","144"
"1202","6","1","15","200","178"
"1203","6","1","15","200","190"
"1204","6","1","15","200","183"
"1207","6","1","15","200","164"
"1208","6","1","15","200","165"
"1206","6","1","15","200","182"
"1211","6","2","5","200","43"
"1210","6","1","15","200","163"
"1209","6","1","15","200","162"
"1212","6","2","5","200","49"
"1213","6","2","5","200","44"
"1214","6","2","5","200","47"
"1215","6","2","5","200","48"
"1218","6","2","5","200","36"
"1217","6","2","5","200","37"
"1219","6","2","5","200","44"
"1216","6","2","5","200","45"
"1222","6","2","6","200","68"
"1220","6","2","5","200","43"
"1223","6","2","6","200","60"
"1221","6","2","6","200","85"
"1224","6","2","6","200","67"
"1225","6","2","6","200","58"
"1226","6","2","6","200","64"
"1228","6","2","6","200","67"
"1229","6","2","6","200","69"
"1230","6","2","6","200","80"
"1231","6","2","7","200","75"
"1232","6","2","7","200","80"
"1227","6","2","6","200","68"
"1233","6","2","7","200","78"
"1235","6","2","7","200","82"
"1234","6","2","7","200","79"
"1236","6","2","7","200","79"
"1237","6","2","7","200","78"
"1239","6","2","7","200","85"
"1238","6","2","7","200","70"
"1242","6","2","8","200","86"
"1240","6","2","7","200","62"
"1243","6","2","8","200","106"
"1241","6","2","8","200","91"
"1245","6","2","8","200","87"
"1246","6","2","8","200","108"
"1244","6","2","8","200","110"
"1247","6","2","8","200","110"
"1248","6","2","8","200","105"
"1252","6","2","9","200","97"
"1251","6","2","9","200","76"
"1253","6","2","9","200","104"
"1250","6","2","8","200","109"
"1254","6","2","9","200","91"
"1249","6","2","8","200","124"
"1256","6","2","9","200","107"
"1257","6","2","9","200","112"
"1259","6","2","9","200","91"
"1255","6","2","9","200","116"
"1258","6","2","9","200","105"
"1260","6","2","9","200","104"
"1261","6","2","10","200","136"
"1263","6","2","10","200","144"
"1264","6","2","10","200","147"
"1265","6","2","10","200","125"
"1268","6","2","10","200","147"
"1266","6","2","10","200","137"
"1262","6","2","10","200","147"
"1267","6","2","10","200","141"
"1269","6","2","10","200","140"
"1270","6","2","10","200","146"
"1271","6","2","11","200","94"
"1272","6","2","11","200","109"
"1273","6","2","11","200","123"
"1276","6","2","11","200","149"
"1274","6","2","11","200","111"
"1277","6","2","11","200","132"
"1278","6","2","11","200","93"
"1279","6","2","11","200","121"
"1280","6","2","11","200","144"
"1275","6","2","11","200","149"
"1281","6","2","12","200","167"
"1285","6","2","12","200","218"
"1284","6","2","12","200","173"
"1282","6","2","12","200","236"
"1283","6","2","12","200","203"
"1286","6","2","12","200","210"
"1287","6","2","12","200","158"
"1289","6","2","12","200","173"
"1290","6","2","12","200","213"
"1288","6","2","12","200","177"
"1291","6","2","13","200","196"
"1294","6","2","13","200","178"
"1292","6","2","13","200","158"
"1293","6","2","13","200","134"
"1295","6","2","13","200","122"
"1297","6","2","13","200","176"
"1300","6","2","13","200","137"
"1296","6","2","13","200","154"
"1299","6","2","13","200","127"
"1301","6","2","14","200","242"
"1303","6","2","14","200","201"
"1302","6","2","14","200","166"
"1298","6","2","13","200","193"
"1304","6","2","14","200","236"
"1305","6","2","14","200","237"
"1307","6","2","14","200","154"
"1306","6","2","14","200","231"
"1308","6","2","14","200","191"
"1309","6","2","14","200","253"
"1310","6","2","14","200","233"
"1312","6","2","15","200","246"
"1311","6","2","15","200","177"
"1313","6","2","15","200","214"
"1317","6","2","15","200","168"
"1314","6","2","15","200","233"
"1315","6","2","15","200","215"
"1316","6","2","15","200","138"
"1319","6","2","15","200","180"
"1318","6","2","15","200","202"
"1321","6","3","5","200","43"
"1322","6","3","5","200","41"
"1325","6","3","5","200","39"
"1323","6","3","5","200","39"
"1324","6","3","5","200","46"
"1326","6","3","5","200","53"
"1328","6","3","5","200","41"
"1320","6","2","15","200","152"
"1327","6","3","5","200","41"
"1329","6","3","5","200","53"
"1333","6","3","6","200","77"
"1331","6","3","6","200","75"
"1330","6","3","5","200","40"
"1332","6","3","6","200","97"
"1334","6","3","6","200","70"
"1336","6","3","6","200","78"
"1337","6","3","6","200","92"
"1338","6","3","6","200","86"
"1335","6","3","6","200","77"
"1341","6","3","7","200","67"
"1339","6","3","6","200","85"
"1340","6","3","6","200","59"
"1342","6","3","7","200","70"
"1343","6","3","7","200","77"
"1345","6","3","7","200","81"
"1344","6","3","7","200","76"
"1347","6","3","7","200","68"
"1348","6","3","7","200","65"
"1350","6","3","7","200","69"
"1349","6","3","7","200","65"
"1346","6","3","7","200","89"
"1352","6","3","8","200","122"
"1351","6","3","8","200","104"
"1353","6","3","8","200","80"
"1354","6","3","8","200","86"
"1356","6","3","8","200","78"
"1355","6","3","8","200","106"
"1357","6","3","8","200","97"
"1359","6","3","8","200","89"
"1361","6","3","9","200","166"
"1358","6","3","8","200","110"
"1363","6","3","9","200","139"
"1360","6","3","8","200","85"
"1362","6","3","9","200","161"
"1364","6","3","9","200","155"
"1365","6","3","9","200","168"
"1366","6","3","9","200","136"
"1367","6","3","9","200","159"
"1369","6","3","9","200","171"
"1370","6","3","9","200","159"
"1372","6","3","10","200","158"
"1371","6","3","10","200","135"
"1368","6","3","9","200","160"
"1373","6","3","10","200","108"
"1374","6","3","10","200","107"
"1375","6","3","10","200","139"
"1376","6","3","10","200","136"
"1377","6","3","10","200","124"
"1378","6","3","10","200","107"
"1379","6","3","10","200","158"
"1382","6","3","11","200","153"
"1381","6","3","11","200","132"
"1383","6","3","11","200","128"
"1384","6","3","11","200","122"
"1380","6","3","10","200","126"
"1386","6","3","11","200","119"
"1388","6","3","11","200","134"
"1385","6","3","11","200","144"
"1387","6","3","11","200","110"
"1389","6","3","11","200","151"
"1390","6","3","11","200","146"
"1391","6","3","12","200","270"
"1394","6","3","12","200","250"
"1393","6","3","12","200","252"
"1398","6","3","12","200","212"
"1396","6","3","12","200","216"
"1397","6","3","12","200","259"
"1395","6","3","12","200","264"
"1392","6","3","12","200","183"
"1399","6","3","12","200","177"
"1400","6","3","12","200","263"
"1401","6","3","13","200","170"
"1402","6","3","13","200","226"
"1404","6","3","13","200","155"
"1407","6","3","13","200","177"
"1403","6","3","13","200","160"
"1405","6","3","13","200","165"
"1408","6","3","13","200","135"
"1406","6","3","13","200","204"
"1410","6","3","13","200","227"
"1409","6","3","13","200","151"
"1412","6","3","14","200","218"
"1413","6","3","14","200","147"
"1411","6","3","14","200","201"
"1415","6","3","14","200","160"
"1414","6","3","14","200","207"
"1417","6","3","14","200","198"
"1419","6","3","14","200","194"
"1416","6","3","14","200","175"
"1418","6","3","14","200","222"
"1420","6","3","14","200","198"
"1422","6","3","15","200","251"
"1421","6","3","15","200","246"
"1423","6","3","15","200","251"
"1425","6","3","15","200","304"
"1424","6","3","15","200","313"
"1429","6","3","15","200","297"
"1428","6","3","15","200","325"
"1427","6","3","15","200","340"
"1430","6","3","15","200","228"
"1431","6","4","5","200","45"
"1426","6","3","15","200","335"
"1433","6","4","5","200","45"
"1432","6","4","5","200","42"
"1434","6","4","5","200","34"
"1436","6","4","5","200","43"
"1435","6","4","5","200","45"
"1437","6","4","5","200","41"
"1440","6","4","5","200","47"
"1438","6","4","5","200","48"
"1441","6","4","6","200","61"
"1442","6","4","6","200","66"
"1439","6","4","5","200","43"
"1443","6","4","6","200","52"
"1444","6","4","6","200","56"
"1445","6","4","6","200","69"
"1446","6","4","6","200","60"
"1449","6","4","6","200","77"
"1448","6","4","6","200","68"
"1447","6","4","6","200","73"
"1451","6","4","7","200","63"
"1452","6","4","7","200","90"
"1450","6","4","6","200","76"
"1455","6","4","7","200","76"
"1454","6","4","7","200","79"
"1453","6","4","7","200","94"
"1456","6","4","7","200","87"
"1459","6","4","7","200","71"
"1458","6","4","7","200","95"
"1457","6","4","7","200","67"
"1461","6","4","8","200","131"
"1462","6","4","8","200","132"
"1464","6","4","8","200","139"
"1463","6","4","8","200","149"
"1460","6","4","7","200","87"
"1465","6","4","8","200","115"
"1466","6","4","8","200","135"
"1467","6","4","8","200","96"
"1468","6","4","8","200","160"
"1469","6","4","8","200","132"
"1470","6","4","8","200","147"
"1471","6","4","9","200","87"
"1473","6","4","9","200","86"
"1474","6","4","9","200","126"
"1475","6","4","9","200","86"
"1472","6","4","9","200","122"
"1476","6","4","9","200","106"
"1477","6","4","9","200","113"
"1478","6","4","9","200","123"
"1479","6","4","9","200","99"
"1480","6","4","9","200","111"
"1481","6","4","10","200","143"
"1484","6","4","10","200","141"
"1482","6","4","10","200","155"
"1485","6","4","10","200","129"
"1486","6","4","10","200","132"
"1487","6","4","10","200","149"
"1488","6","4","10","200","160"
"1483","6","4","10","200","134"
"1489","6","4","10","200","127"
"1490","6","4","10","200","140"
"1492","6","4","11","200","127"
"1491","6","4","11","200","148"
"1493","6","4","11","200","161"
"1494","6","4","11","200","154"
"1495","6","4","11","200","132"
"1498","6","4","11","200","119"
"1499","6","4","11","200","152"
"1497","6","4","11","200","158"
"1501","6","4","12","200","268"
"1496","6","4","11","200","149"
"1500","6","4","11","200","154"
"1504","6","4","12","200","218"
"1503","6","4","12","200","197"
"1502","6","4","12","200","279"
"1505","6","4","12","200","265"
"1506","6","4","12","200","252"
"1507","6","4","12","200","287"
"1509","6","4","12","200","237"
"1510","6","4","12","200","244"
"1511","6","4","13","200","171"
"1512","6","4","13","200","167"
"1508","6","4","12","200","256"
"1513","6","4","13","200","186"
"1514","6","4","13","200","147"
"1515","6","4","13","200","215"
"1517","6","4","13","200","170"
"1516","6","4","13","200","168"
"1518","6","4","13","200","169"
"1521","6","4","14","200","236"
"1519","6","4","13","200","151"
"1523","6","4","14","200","231"
"1522","6","4","14","200","226"
"1520","6","4","13","200","187"
"1524","6","4","14","200","222"
"1526","6","4","14","200","186"
"1527","6","4","14","200","202"
"1525","6","4","14","200","262"
"1529","6","4","14","200","167"
"1528","6","4","14","200","221"
"1530","6","4","14","200","185"
"1532","6","4","15","200","168"
"1531","6","4","15","200","230"
"1534","6","4","15","200","208"
"1533","6","4","15","200","194"
"1535","6","4","15","200","196"
"1536","6","4","15","200","161"
"1538","6","4","15","200","189"
"1537","6","4","15","200","175"
"1539","6","4","15","200","180"
"1541","6","5","5","200","58"
"1542","6","5","5","200","46"
"1544","6","5","5","200","48"
"1543","6","5","5","200","50"
"1547","6","5","5","200","48"
"1546","6","5","5","200","44"
"1545","6","5","5","200","45"
"1548","6","5","5","200","52"
"1549","6","5","5","200","56"
"1540","6","4","15","200","242"
"1552","6","5","6","200","58"
"1550","6","5","5","200","52"
"1553","6","5","6","200","54"
"1554","6","5","6","200","53"
"1551","6","5","6","200","76"
"1555","6","5","6","200","53"
"1556","6","5","6","200","52"
"1558","6","5","6","200","59"
"1559","6","5","6","200","61"
"1561","6","5","7","200","68"
"1560","6","5","6","200","66"
"1557","6","5","6","200","49"
"1564","6","5","7","200","72"
"1563","6","5","7","200","90"
"1562","6","5","7","200","68"
"1565","6","5","7","200","73"
"1566","6","5","7","200","81"
"1567","6","5","7","200","67"
"1568","6","5","7","200","85"
"1571","6","5","8","200","78"
"1570","6","5","7","200","62"
"1572","6","5","8","200","107"
"1569","6","5","7","200","61"
"1573","6","5","8","200","76"
"1574","6","5","8","200","104"
"1577","6","5","8","200","71"
"1575","6","5","8","200","86"
"1576","6","5","8","200","95"
"1578","6","5","8","200","101"
"1579","6","5","8","200","75"
"1581","6","5","9","200","105"
"1582","6","5","9","200","99"
"1583","6","5","9","200","83"
"1585","6","5","9","200","80"
"1586","6","5","9","200","115"
"1580","6","5","8","200","85"
"1584","6","5","9","200","134"
"1588","6","5","9","200","109"
"1589","6","5","9","200","86"
"1587","6","5","9","200","117"
"1590","6","5","9","200","84"
"1591","6","5","10","200","207"
"1592","6","5","10","200","189"
"1594","6","5","10","200","247"
"1595","6","5","10","200","248"
"1596","6","5","10","200","176"
"1593","6","5","10","200","188"
"1598","6","5","10","200","219"
"1597","6","5","10","200","218"
"1600","6","5","10","200","210"
"1602","6","5","11","200","131"
"1601","6","5","11","200","156"
"1603","6","5","11","200","120"
"1599","6","5","10","200","240"
"1605","6","5","11","200","133"
"1608","6","5","11","200","137"
"1610","6","5","11","200","129"
"1606","6","5","11","200","133"
"1612","6","5","12","200","163"
"1609","6","5","11","200","134"
"1607","6","5","11","200","131"
"1604","6","5","11","200","137"
"1611","6","5","12","200","141"
"1613","6","5","12","200","150"
"1614","6","5","12","200","206"
"1616","6","5","12","200","182"
"1615","6","5","12","200","130"
"1617","6","5","12","200","162"
"1618","6","5","12","200","214"
"1621","6","5","13","200","135"
"1620","6","5","12","200","134"
"1622","6","5","13","200","147"
"1623","6","5","13","200","124"
"1627","6","5","13","200","147"
"1625","6","5","13","200","172"
"1624","6","5","13","200","165"
"1626","6","5","13","200","200"
"1619","6","5","12","200","126"
"1629","6","5","13","200","163"
"1630","6","5","13","200","166"
"1628","6","5","13","200","178"
"1631","6","5","14","200","198"
"1634","6","5","14","200","191"
"1632","6","5","14","200","189"
"1636","6","5","14","200","184"
"1633","6","5","14","200","180"
"1637","6","5","14","200","200"
"1638","6","5","14","200","180"
"1639","6","5","14","200","194"
"1635","6","5","14","200","174"
"1640","6","5","14","200","174"
"1641","6","5","15","200","415"
"1642","6","5","15","200","454"
"1644","6","5","15","200","381"
"1645","6","5","15","200","425"
"1646","6","5","15","200","449"
"1643","6","5","15","200","436"
"1651","8","1","5","200","36"
"1648","6","5","15","200","431"
"1649","6","5","15","200","430"
"1650","6","5","15","200","384"
"1647","6","5","15","200","350"
"1653","8","1","5","200","34"
"1652","8","1","5","200","36"
"1655","8","1","5","200","37"
"1654","8","1","5","200","37"
"1656","8","1","5","200","38"
"1658","8","1","5","200","33"
"1660","8","1","5","200","38"
"1657","8","1","5","200","35"
"1661","8","1","6","200","44"
"1662","8","1","6","200","33"
"1665","8","1","6","200","39"
"1663","8","1","6","200","40"
"1666","8","1","6","200","43"
"1659","8","1","5","200","39"
"1664","8","1","6","200","37"
"1667","8","1","6","200","39"
"1669","8","1","6","200","42"
"1668","8","1","6","200","46"
"1670","8","1","6","200","42"
"1672","8","1","7","200","57"
"1671","8","1","7","200","56"
"1674","8","1","7","200","47"
"1676","8","1","7","200","52"
"1675","8","1","7","200","56"
"1678","8","1","7","200","53"
"1677","8","1","7","200","48"
"1673","8","1","7","200","50"
"1679","8","1","7","200","40"
"1680","8","1","7","200","59"
"1681","8","1","8","200","63"
"1682","8","1","8","200","56"
"1687","8","1","8","200","54"
"1684","8","1","8","200","61"
"1683","8","1","8","200","65"
"1685","8","1","8","200","46"
"1686","8","1","8","200","61"
"1690","8","1","8","200","84"
"1688","8","1","8","200","55"
"1691","8","1","9","200","84"
"1692","8","1","9","200","69"
"1689","8","1","8","200","87"
"1693","8","1","9","200","103"
"1694","8","1","9","200","79"
"1698","8","1","9","200","60"
"1696","8","1","9","200","65"
"1697","8","1","9","200","60"
"1699","8","1","9","200","75"
"1700","8","1","9","200","85"
"1701","8","1","10","200","92"
"1695","8","1","9","200","67"
"1702","8","1","10","200","102"
"1703","8","1","10","200","80"
"1704","8","1","10","200","66"
"1706","8","1","10","200","86"
"1705","8","1","10","200","97"
"1707","8","1","10","200","88"
"1708","8","1","10","200","68"
"1710","8","1","10","200","71"
"1711","8","1","11","200","94"
"1712","8","1","11","200","81"
"1713","8","1","11","200","94"
"1714","8","1","11","200","85"
"1709","8","1","10","200","67"
"1715","8","1","11","200","70"
"1716","8","1","11","200","61"
"1718","8","1","11","200","72"
"1719","8","1","11","200","81"
"1717","8","1","11","200","78"
"1720","8","1","11","200","100"
"1723","8","1","12","200","80"
"1721","8","1","12","200","98"
"1725","8","1","12","200","103"
"1724","8","1","12","200","58"
"1726","8","1","12","200","125"
"1727","8","1","12","200","70"
"1722","8","1","12","200","107"
"1728","8","1","12","200","84"
"1729","8","1","12","200","78"
"1731","8","1","13","200","118"
"1730","8","1","12","200","85"
"1733","8","1","13","200","114"
"1732","8","1","13","200","99"
"1734","8","1","13","200","84"
"1736","8","1","13","200","103"
"1738","8","1","13","200","110"
"1737","8","1","13","200","114"
"1735","8","1","13","200","99"
"1740","8","1","13","200","100"
"1743","8","1","14","200","100"
"1741","8","1","14","200","113"
"1742","8","1","14","200","114"
"1739","8","1","13","200","96"
"1744","8","1","14","200","137"
"1747","8","1","14","200","109"
"1745","8","1","14","200","123"
"1748","8","1","14","200","93"
"1749","8","1","14","200","86"
"1750","8","1","14","200","141"
"1752","8","1","15","200","160"
"1753","8","1","15","200","111"
"1751","8","1","15","200","102"
"1755","8","1","15","200","118"
"1746","8","1","14","200","98"
"1754","8","1","15","200","127"
"1756","8","1","15","200","124"
"1758","8","1","15","200","116"
"1757","8","1","15","200","121"
"1761","8","2","5","200","37"
"1759","8","1","15","200","140"
"1760","8","1","15","200","100"
"1762","8","2","5","200","32"
"1765","8","2","5","200","35"
"1764","8","2","5","200","33"
"1766","8","2","5","200","33"
"1763","8","2","5","200","41"
"1767","8","2","5","200","35"
"1768","8","2","5","200","32"
"1771","8","2","6","200","56"
"1769","8","2","5","200","34"
"1775","8","2","6","200","43"
"1772","8","2","6","200","46"
"1774","8","2","6","200","44"
"1773","8","2","6","200","57"
"1776","8","2","6","200","46"
"1770","8","2","5","200","40"
"1777","8","2","6","200","50"
"1779","8","2","6","200","44"
"1780","8","2","6","200","35"
"1778","8","2","6","200","41"
"1783","8","2","7","200","65"
"1781","8","2","7","200","56"
"1782","8","2","7","200","49"
"1785","8","2","7","200","51"
"1786","8","2","7","200","50"
"1789","8","2","7","200","66"
"1787","8","2","7","200","61"
"1790","8","2","7","200","59"
"1788","8","2","7","200","52"
"1791","8","2","8","200","88"
"1792","8","2","8","200","68"
"1784","8","2","7","200","55"
"1793","8","2","8","200","85"
"1794","8","2","8","200","100"
"1795","8","2","8","200","77"
"1799","8","2","8","200","82"
"1796","8","2","8","200","94"
"1797","8","2","8","200","80"
"1798","8","2","8","200","90"
"1800","8","2","8","200","76"
"1801","8","2","9","200","102"
"1802","8","2","9","200","90"
"1804","8","2","9","200","67"
"1805","8","2","9","200","76"
"1803","8","2","9","200","85"
"1806","8","2","9","200","70"
"1807","8","2","9","200","68"
"1809","8","2","9","200","69"
"1811","8","2","10","200","98"
"1810","8","2","9","200","78"
"1812","8","2","10","200","125"
"1813","8","2","10","200","112"
"1815","8","2","10","200","120"
"1808","8","2","9","200","98"
"1814","8","2","10","200","122"
"1817","8","2","10","200","136"
"1816","8","2","10","200","107"
"1818","8","2","10","200","100"
"1820","8","2","10","200","108"
"1819","8","2","10","200","104"
"1821","8","2","11","200","104"
"1824","8","2","11","200","78"
"1825","8","2","11","200","94"
"1823","8","2","11","200","96"
"1826","8","2","11","200","110"
"1827","8","2","11","200","78"
"1828","8","2","11","200","108"
"1829","8","2","11","200","113"
"1822","8","2","11","200","98"
"1830","8","2","11","200","77"
"1831","8","2","12","200","149"
"1833","8","2","12","200","138"
"1832","8","2","12","200","136"
"1834","8","2","12","200","146"
"1836","8","2","12","200","131"
"1835","8","2","12","200","148"
"1838","8","2","12","200","165"
"1839","8","2","12","200","128"
"1840","8","2","12","200","109"
"1841","8","2","13","200","90"
"1842","8","2","13","200","94"
"1837","8","2","12","200","145"
"1844","8","2","13","200","97"
"1843","8","2","13","200","123"
"1845","8","2","13","200","127"
"1846","8","2","13","200","70"
"1847","8","2","13","200","160"
"1849","8","2","13","200","160"
"1848","8","2","13","200","149"
"1853","8","2","14","200","162"
"1851","8","2","14","200","143"
"1852","8","2","14","200","148"
"1854","8","2","14","200","138"
"1855","8","2","14","200","158"
"1850","8","2","13","200","140"
"1858","8","2","14","200","166"
"1856","8","2","14","200","133"
"1861","8","2","15","200","165"
"1857","8","2","14","200","204"
"1860","8","2","14","200","181"
"1862","8","2","15","200","133"
"1859","8","2","14","200","143"
"1864","8","2","15","200","99"
"1865","8","2","15","200","166"
"1866","8","2","15","200","153"
"1869","8","2","15","200","139"
"1868","8","2","15","200","122"
"1867","8","2","15","200","142"
"1870","8","2","15","200","163"
"1871","8","3","5","200","36"
"1863","8","2","15","200","144"
"1873","8","3","5","200","45"
"1872","8","3","5","200","37"
"1874","8","3","5","200","34"
"1878","8","3","5","200","37"
"1877","8","3","5","200","39"
"1875","8","3","5","200","39"
"1876","8","3","5","200","33"
"1880","8","3","5","200","40"
"1881","8","3","6","200","57"
"1882","8","3","6","200","61"
"1883","8","3","6","200","54"
"1879","8","3","5","200","47"
"1884","8","3","6","200","53"
"1885","8","3","6","200","59"
"1886","8","3","6","200","59"
"1887","8","3","6","200","45"
"1888","8","3","6","200","48"
"1890","8","3","6","200","57"
"1889","8","3","6","200","49"
"1892","8","3","7","200","56"
"1895","8","3","7","200","57"
"1893","8","3","7","200","52"
"1894","8","3","7","200","55"
"1897","8","3","7","200","51"
"1896","8","3","7","200","54"
"1898","8","3","7","200","43"
"1900","8","3","7","200","41"
"1899","8","3","7","200","45"
"1903","8","3","8","200","63"
"1891","8","3","7","200","53"
"1901","8","3","8","200","75"
"1902","8","3","8","200","57"
"1904","8","3","8","200","64"
"1905","8","3","8","200","71"
"1906","8","3","8","200","67"
"1908","8","3","8","200","65"
"1907","8","3","8","200","60"
"1910","8","3","8","200","79"
"1913","8","3","9","200","108"
"1912","8","3","9","200","111"
"1914","8","3","9","200","115"
"1911","8","3","9","200","100"
"1915","8","3","9","200","125"
"1916","8","3","9","200","102"
"1909","8","3","8","200","55"
"1918","8","3","9","200","108"
"1917","8","3","9","200","101"
"1920","8","3","9","200","96"
"1922","8","3","10","200","96"
"1919","8","3","9","200","115"
"1923","8","3","10","200","95"
"1921","8","3","10","200","86"
"1925","8","3","10","200","106"
"1928","8","3","10","200","106"
"1927","8","3","10","200","91"
"1926","8","3","10","200","73"
"1929","8","3","10","200","86"
"1930","8","3","10","200","94"
"1931","8","3","11","200","113"
"1933","8","3","11","200","110"
"1932","8","3","11","200","106"
"1934","8","3","11","200","113"
"1924","8","3","10","200","80"
"1936","8","3","11","200","105"
"1935","8","3","11","200","110"
"1937","8","3","11","200","105"
"1939","8","3","11","200","94"
"1940","8","3","11","200","101"
"1941","8","3","12","200","169"
"1938","8","3","11","200","131"
"1946","8","3","12","200","175"
"1943","8","3","12","200","174"
"1945","8","3","12","200","179"
"1944","8","3","12","200","160"
"1947","8","3","12","200","165"
"1942","8","3","12","200","155"
"1948","8","3","12","200","188"
"1950","8","3","12","200","162"
"1949","8","3","12","200","146"
"1951","8","3","13","200","128"
"1953","8","3","13","200","103"
"1954","8","3","13","200","101"
"1952","8","3","13","200","160"
"1956","8","3","13","200","121"
"1957","8","3","13","200","126"
"1955","8","3","13","200","120"
"1961","8","3","14","200","157"
"1958","8","3","13","200","97"
"1959","8","3","13","200","121"
"1963","8","3","14","200","126"
"1960","8","3","13","200","98"
"1964","8","3","14","200","176"
"1962","8","3","14","200","167"
"1966","8","3","14","200","151"
"1969","8","3","14","200","153"
"1967","8","3","14","200","138"
"1968","8","3","14","200","155"
"1971","8","3","15","200","247"
"1970","8","3","14","200","113"
"1972","8","3","15","200","216"
"1965","8","3","14","200","142"
"1973","8","3","15","200","261"
"1974","8","3","15","200","228"
"1977","8","3","15","200","226"
"1976","8","3","15","200","249"
"1975","8","3","15","200","232"
"1981","8","4","5","200","35"
"1983","8","4","5","200","43"
"1982","8","4","5","200","35"
"1979","8","3","15","200","203"
"1978","8","3","15","200","242"
"1984","8","4","5","200","35"
"1987","8","4","5","200","34"
"1980","8","3","15","200","225"
"1986","8","4","5","200","38"
"1988","8","4","5","200","37"
"1985","8","4","5","200","36"
"1989","8","4","5","200","38"
"1990","8","4","5","200","36"
"1992","8","4","6","200","43"
"1994","8","4","6","200","52"
"1995","8","4","6","200","51"
"1991","8","4","6","200","41"
"1997","8","4","6","200","53"
"1998","8","4","6","200","41"
"1996","8","4","6","200","50"
"1999","8","4","6","200","40"
"2001","8","4","7","200","52"
"2000","8","4","6","200","51"
"2002","8","4","7","200","52"
"2003","8","4","7","200","54"
"2004","8","4","7","200","47"
"2006","8","4","7","200","43"
"2005","8","4","7","200","57"
"1993","8","4","6","200","52"
"2007","8","4","7","200","48"
"2008","8","4","7","200","59"
"2009","8","4","7","200","55"
"2010","8","4","7","200","61"
"2011","8","4","8","200","86"
"2012","8","4","8","200","92"
"2015","8","4","8","200","98"
"2016","8","4","8","200","114"
"2013","8","4","8","200","87"
"2017","8","4","8","200","84"
"2018","8","4","8","200","89"
"2019","8","4","8","200","105"
"2020","8","4","8","200","86"
"2014","8","4","8","200","84"
"2022","8","4","9","200","72"
"2021","8","4","9","200","79"
"2023","8","4","9","200","91"
"2024","8","4","9","200","66"
"2027","8","4","9","200","76"
"2025","8","4","9","200","83"
"2026","8","4","9","200","76"
"2030","8","4","9","200","68"
"2029","8","4","9","200","103"
"2028","8","4","9","200","82"
"2033","8","4","10","200","109"
"2032","8","4","10","200","90"
"2034","8","4","10","200","100"
"2031","8","4","10","200","104"
"2035","8","4","10","200","125"
"2036","8","4","10","200","117"
"2037","8","4","10","200","111"
"2039","8","4","10","200","108"
"2040","8","4","10","200","99"
"2041","8","4","11","200","97"
"2043","8","4","11","200","101"
"2042","8","4","11","200","103"
"2038","8","4","10","200","110"
"2044","8","4","11","200","110"
"2045","8","4","11","200","91"
"2046","8","4","11","200","103"
"2048","8","4","11","200","90"
"2047","8","4","11","200","107"
"2049","8","4","11","200","125"
"2050","8","4","11","200","93"
"2054","8","4","12","200","203"
"2052","8","4","12","200","195"
"2053","8","4","12","200","201"
"2051","8","4","12","200","202"
"2055","8","4","12","200","185"
"2056","8","4","12","200","233"
"2059","8","4","12","200","186"
"2061","8","4","13","200","122"
"2060","8","4","12","200","186"
"2057","8","4","12","200","229"
"2058","8","4","12","200","150"
"2063","8","4","13","200","110"
"2065","8","4","13","200","106"
"2064","8","4","13","200","114"
"2066","8","4","13","200","126"
"2067","8","4","13","200","101"
"2068","8","4","13","200","94"
"2062","8","4","13","200","124"
"2069","8","4","13","200","121"
"2071","8","4","14","200","182"
"2072","8","4","14","200","127"
"2074","8","4","14","200","169"
"2073","8","4","14","200","197"
"2070","8","4","13","200","127"
"2075","8","4","14","200","188"
"2077","8","4","14","200","149"
"2078","8","4","14","200","178"
"2080","8","4","14","200","172"
"2081","8","4","15","200","157"
"2079","8","4","14","200","195"
"2076","8","4","14","200","146"
"2082","8","4","15","200","190"
"2085","8","4","15","200","137"
"2083","8","4","15","200","155"
"2084","8","4","15","200","147"
"2086","8","4","15","200","174"
"2087","8","4","15","200","149"
"2091","8","5","5","200","37"
"2088","8","4","15","200","160"
"2092","8","5","5","200","40"
"2090","8","4","15","200","139"
"2093","8","5","5","200","35"
"2094","8","5","5","200","45"
"2095","8","5","5","200","41"
"2096","8","5","5","200","34"
"2089","8","4","15","200","155"
"2097","8","5","5","200","37"
"2098","8","5","5","200","42"
"2099","8","5","5","200","44"
"2100","8","5","5","200","47"
"2103","8","5","6","200","40"
"2101","8","5","6","200","39"
"2102","8","5","6","200","39"
"2106","8","5","6","200","31"
"2105","8","5","6","200","42"
"2107","8","5","6","200","45"
"2108","8","5","6","200","45"
"2104","8","5","6","200","38"
"2109","8","5","6","200","39"
"2110","8","5","6","200","41"
"2111","8","5","7","200","51"
"2112","8","5","7","200","53"
"2113","8","5","7","200","46"
"2114","8","5","7","200","41"
"2117","8","5","7","200","50"
"2118","8","5","7","200","53"
"2115","8","5","7","200","42"
"2119","8","5","7","200","54"
"2120","8","5","7","200","50"
"2121","8","5","8","200","63"
"2122","8","5","8","200","62"
"2123","8","5","8","200","64"
"2124","8","5","8","200","67"
"2126","8","5","8","200","63"
"2125","8","5","8","200","76"
"2127","8","5","8","200","62"
"2130","8","5","8","200","61"
"2128","8","5","8","200","76"
"2129","8","5","8","200","64"
"2116","8","5","7","200","60"
"2131","8","5","9","200","73"
"2132","8","5","9","200","68"
"2135","8","5","9","200","71"
"2134","8","5","9","200","84"
"2137","8","5","9","200","69"
"2136","8","5","9","200","66"
"2133","8","5","9","200","81"
"2139","8","5","9","200","72"
"2140","8","5","9","200","97"
"2141","8","5","10","200","147"
"2142","8","5","10","200","174"
"2138","8","5","9","200","88"
"2144","8","5","10","200","139"
"2143","8","5","10","200","155"
"2145","8","5","10","200","152"
"2147","8","5","10","200","140"
"2146","8","5","10","200","163"
"2148","8","5","10","200","159"
"2151","8","5","11","200","88"
"2152","8","5","11","200","90"
"2149","8","5","10","200","148"
"2155","8","5","11","200","107"
"2156","8","5","11","200","82"
"2154","8","5","11","200","99"
"2150","8","5","10","200","155"
"2153","8","5","11","200","84"
"2157","8","5","11","200","102"
"2158","8","5","11","200","128"
"2159","8","5","11","200","91"
"2161","8","5","12","200","107"
"2160","8","5","11","200","82"
"2162","8","5","12","200","107"
"2164","8","5","12","200","144"
"2165","8","5","12","200","144"
"2163","8","5","12","200","110"
"2167","8","5","12","200","102"
"2168","8","5","12","200","96"
"2166","8","5","12","200","140"
"2169","8","5","12","200","101"
"2170","8","5","12","200","129"
"2172","8","5","13","200","126"
"2175","8","5","13","200","128"
"2177","8","5","13","200","106"
"2171","8","5","13","200","157"
"2178","8","5","13","200","122"
"2176","8","5","13","200","113"
"2174","8","5","13","200","138"
"2173","8","5","13","200","110"
"2179","8","5","13","200","106"
"2180","8","5","13","200","146"
"2181","8","5","14","200","126"
"2183","8","5","14","200","115"
"2184","8","5","14","200","122"
"2182","8","5","14","200","114"
"2185","8","5","14","200","122"
"2188","8","5","14","200","143"
"2190","8","5","14","200","97"
"2189","8","5","14","200","157"
"2187","8","5","14","200","131"
"2191","8","5","15","200","245"
"2186","8","5","14","200","163"
"2192","8","5","15","200","292"
"2194","8","5","15","200","326"
"2193","8","5","15","200","306"
"2195","8","5","15","200","296"
"2196","8","5","15","200","300"
"2197","8","5","15","200","252"
"2201","10","1","5","200","42"
"2198","8","5","15","200","288"
"2203","10","1","5","200","35"
"2204","10","1","5","200","31"
"2202","10","1","5","200","36"
"2200","8","5","15","200","266"
"2205","10","1","5","200","34"
"2206","10","1","5","200","37"
"2207","10","1","5","200","32"
"2199","8","5","15","200","304"
"2208","10","1","5","200","40"
"2209","10","1","5","200","47"
"2210","10","1","5","200","32"
"2211","10","1","6","200","45"
"2213","10","1","6","200","47"
"2212","10","1","6","200","38"
"2216","10","1","6","200","40"
"2214","10","1","6","200","36"
"2217","10","1","6","200","38"
"2220","10","1","6","200","46"
"2218","10","1","6","200","43"
"2215","10","1","6","200","34"
"2219","10","1","6","200","40"
"2222","10","1","7","200","45"
"2221","10","1","7","200","43"
"2224","10","1","7","200","47"
"2223","10","1","7","200","47"
"2225","10","1","7","200","44"
"2226","10","1","7","200","45"
"2229","10","1","7","200","51"
"2230","10","1","7","200","42"
"2231","10","1","8","200","46"
"2228","10","1","7","200","46"
"2232","10","1","8","200","49"
"2227","10","1","7","200","37"
"2233","10","1","8","200","54"
"2235","10","1","8","200","43"
"2237","10","1","8","200","50"
"2234","10","1","8","200","51"
"2236","10","1","8","200","41"
"2239","10","1","8","200","49"
"2238","10","1","8","200","52"
"2241","10","1","9","200","58"
"2243","10","1","9","200","53"
"2242","10","1","9","200","45"
"2244","10","1","9","200","52"
"2245","10","1","9","200","48"
"2240","10","1","8","200","46"
"2247","10","1","9","200","59"
"2246","10","1","9","200","54"
"2248","10","1","9","200","55"
"2249","10","1","9","200","69"
"2250","10","1","9","200","64"
"2252","10","1","10","200","47"
"2251","10","1","10","200","79"
"2256","10","1","10","200","66"
"2255","10","1","10","200","71"
"2254","10","1","10","200","87"
"2257","10","1","10","200","63"
"2258","10","1","10","200","60"
"2253","10","1","10","200","73"
"2260","10","1","10","200","59"
"2261","10","1","11","200","59"
"2259","10","1","10","200","66"
"2262","10","1","11","200","73"
"2263","10","1","11","200","67"
"2264","10","1","11","200","53"
"2265","10","1","11","200","80"
"2268","10","1","11","200","95"
"2269","10","1","11","200","71"
"2267","10","1","11","200","66"
"2266","10","1","11","200","54"
"2270","10","1","11","200","81"
"2272","10","1","12","200","75"
"2273","10","1","12","200","63"
"2274","10","1","12","200","65"
"2271","10","1","12","200","55"
"2275","10","1","12","200","68"
"2276","10","1","12","200","106"
"2279","10","1","12","200","63"
"2278","10","1","12","200","62"
"2280","10","1","12","200","77"
"2281","10","1","13","200","99"
"2282","10","1","13","200","65"
"2277","10","1","12","200","80"
"2283","10","1","13","200","74"
"2285","10","1","13","200","84"
"2287","10","1","13","200","90"
"2288","10","1","13","200","86"
"2284","10","1","13","200","65"
"2286","10","1","13","200","78"
"2289","10","1","13","200","86"
"2291","10","1","14","200","100"
"2292","10","1","14","200","87"
"2294","10","1","14","200","95"
"2293","10","1","14","200","100"
"2295","10","1","14","200","75"
"2296","10","1","14","200","89"
"2290","10","1","13","200","85"
"2300","10","1","14","200","89"
"2299","10","1","14","200","90"
"2301","10","1","15","200","109"
"2297","10","1","14","200","88"
"2298","10","1","14","200","79"
"2303","10","1","15","200","117"
"2302","10","1","15","200","110"
"2305","10","1","15","200","125"
"2306","10","1","15","200","104"
"2307","10","1","15","200","92"
"2304","10","1","15","200","98"
"2309","10","1","15","200","88"
"2311","10","2","5","200","37"
"2312","10","2","5","200","41"
"2310","10","1","15","200","91"
"2308","10","1","15","200","110"
"2313","10","2","5","200","34"
"2314","10","2","5","200","34"
"2316","10","2","5","200","33"
"2318","10","2","5","200","39"
"2319","10","2","5","200","33"
"2315","10","2","5","200","41"
"2317","10","2","5","200","41"
"2321","10","2","6","200","37"
"2322","10","2","6","200","47"
"2320","10","2","5","200","32"
"2323","10","2","6","200","48"
"2324","10","2","6","200","50"
"2328","10","2","6","200","44"
"2325","10","2","6","200","49"
"2329","10","2","6","200","46"
"2327","10","2","6","200","43"
"2330","10","2","6","200","56"
"2331","10","2","7","200","43"
"2332","10","2","7","200","42"
"2326","10","2","6","200","52"
"2333","10","2","7","200","42"
"2335","10","2","7","200","41"
"2334","10","2","7","200","49"
"2336","10","2","7","200","54"
"2338","10","2","7","200","50"
"2339","10","2","7","200","41"
"2337","10","2","7","200","38"
"2341","10","2","8","200","65"
"2342","10","2","8","200","60"
"2343","10","2","8","200","58"
"2344","10","2","8","200","66"
"2340","10","2","7","200","45"
"2346","10","2","8","200","59"
"2345","10","2","8","200","51"
"2347","10","2","8","200","55"
"2348","10","2","8","200","52"
"2349","10","2","8","200","66"
"2353","10","2","9","200","52"
"2350","10","2","8","200","53"
"2351","10","2","9","200","57"
"2354","10","2","9","200","53"
"2352","10","2","9","200","58"
"2355","10","2","9","200","77"
"2356","10","2","9","200","63"
"2357","10","2","9","200","59"
"2358","10","2","9","200","60"
"2359","10","2","9","200","54"
"2360","10","2","9","200","57"
"2361","10","2","10","200","108"
"2366","10","2","10","200","67"
"2365","10","2","10","200","70"
"2364","10","2","10","200","104"
"2363","10","2","10","200","97"
"2367","10","2","10","200","90"
"2368","10","2","10","200","76"
"2362","10","2","10","200","72"
"2369","10","2","10","200","95"
"2370","10","2","10","200","82"
"2371","10","2","11","200","73"
"2372","10","2","11","200","85"
"2373","10","2","11","200","69"
"2374","10","2","11","200","68"
"2375","10","2","11","200","83"
"2378","10","2","11","200","82"
"2380","10","2","11","200","61"
"2379","10","2","11","200","83"
"2377","10","2","11","200","73"
"2381","10","2","12","200","102"
"2382","10","2","12","200","84"
"2383","10","2","12","200","140"
"2384","10","2","12","200","124"
"2376","10","2","11","200","66"
"2386","10","2","12","200","120"
"2385","10","2","12","200","128"
"2387","10","2","12","200","110"
"2388","10","2","12","200","114"
"2389","10","2","12","200","134"
"2391","10","2","13","200","81"
"2390","10","2","12","200","143"
"2393","10","2","13","200","93"
"2394","10","2","13","200","99"
"2395","10","2","13","200","109"
"2392","10","2","13","200","103"
"2398","10","2","13","200","112"
"2397","10","2","13","200","108"
"2396","10","2","13","200","102"
"2400","10","2","13","200","121"
"2399","10","2","13","200","90"
"2401","10","2","14","200","155"
"2402","10","2","14","200","130"
"2404","10","2","14","200","133"
"2407","10","2","14","200","144"
"2409","10","2","14","200","123"
"2405","10","2","14","200","152"
"2406","10","2","14","200","149"
"2408","10","2","14","200","151"
"2403","10","2","14","200","124"
"2411","10","2","15","200","120"
"2410","10","2","14","200","138"
"2412","10","2","15","200","115"
"2413","10","2","15","200","122"
"2414","10","2","15","200","93"
"2416","10","2","15","200","94"
"2415","10","2","15","200","104"
"2418","10","2","15","200","92"
"2419","10","2","15","200","101"
"2421","10","3","5","200","33"
"2420","10","2","15","200","115"
"2423","10","3","5","200","43"
"2417","10","2","15","200","89"
"2422","10","3","5","200","39"
"2425","10","3","5","200","43"
"2424","10","3","5","200","37"
"2427","10","3","5","200","37"
"2428","10","3","5","200","28"
"2426","10","3","5","200","34"
"2429","10","3","5","200","29"
"2431","10","3","6","200","45"
"2432","10","3","6","200","48"
"2430","10","3","5","200","38"
"2434","10","3","6","200","42"
"2433","10","3","6","200","44"
"2435","10","3","6","200","46"
"2436","10","3","6","200","37"
"2437","10","3","6","200","43"
"2438","10","3","6","200","49"
"2439","10","3","6","200","50"
"2441","10","3","7","200","43"
"2443","10","3","7","200","55"
"2444","10","3","7","200","45"
"2442","10","3","7","200","46"
"2446","10","3","7","200","41"
"2447","10","3","7","200","49"
"2445","10","3","7","200","45"
"2448","10","3","7","200","44"
"2449","10","3","7","200","43"
"2440","10","3","6","200","54"
"2453","10","3","8","200","56"
"2450","10","3","7","200","48"
"2452","10","3","8","200","42"
"2451","10","3","8","200","42"
"2454","10","3","8","200","50"
"2455","10","3","8","200","53"
"2456","10","3","8","200","46"
"2458","10","3","8","200","54"
"2460","10","3","8","200","44"
"2459","10","3","8","200","53"
"2457","10","3","8","200","52"
"2461","10","3","9","200","93"
"2462","10","3","9","200","84"
"2463","10","3","9","200","71"
"2464","10","3","9","200","67"
"2465","10","3","9","200","71"
"2467","10","3","9","200","90"
"2466","10","3","9","200","85"
"2471","10","3","10","200","52"
"2470","10","3","9","200","85"
"2469","10","3","9","200","83"
"2473","10","3","10","200","70"
"2472","10","3","10","200","68"
"2468","10","3","9","200","99"
"2475","10","3","10","200","62"
"2474","10","3","10","200","81"
"2479","10","3","10","200","60"
"2476","10","3","10","200","73"
"2480","10","3","10","200","72"
"2477","10","3","10","200","79"
"2478","10","3","10","200","69"
"2482","10","3","11","200","65"
"2483","10","3","11","200","82"
"2484","10","3","11","200","61"
"2485","10","3","11","200","75"
"2486","10","3","11","200","83"
"2481","10","3","11","200","52"
"2487","10","3","11","200","63"
"2488","10","3","11","200","72"
"2489","10","3","11","200","63"
"2490","10","3","11","200","71"
"2491","10","3","12","200","113"
"2492","10","3","12","200","122"
"2493","10","3","12","200","140"
"2496","10","3","12","200","165"
"2495","10","3","12","200","143"
"2499","10","3","12","200","158"
"2497","10","3","12","200","148"
"2498","10","3","12","200","156"
"2501","10","3","13","200","104"
"2500","10","3","12","200","160"
"2503","10","3","13","200","117"
"2504","10","3","13","200","84"
"2502","10","3","13","200","91"
"2494","10","3","12","200","166"
"2508","10","3","13","200","105"
"2507","10","3","13","200","87"
"2506","10","3","13","200","102"
"2505","10","3","13","200","111"
"2510","10","3","13","200","98"
"2509","10","3","13","200","114"
"2513","10","3","14","200","98"
"2514","10","3","14","200","99"
"2511","10","3","14","200","99"
"2516","10","3","14","200","100"
"2515","10","3","14","200","115"
"2517","10","3","14","200","117"
"2520","10","3","14","200","117"
"2519","10","3","14","200","111"
"2512","10","3","14","200","132"
"2524","10","3","15","200","233"
"2518","10","3","14","200","116"
"2521","10","3","15","200","162"
"2522","10","3","15","200","202"
"2523","10","3","15","200","161"
"2526","10","3","15","200","183"
"2525","10","3","15","200","222"
"2528","10","3","15","200","184"
"2529","10","3","15","200","181"
"2531","10","4","5","200","36"
"2533","10","4","5","200","35"
"2532","10","4","5","200","38"
"2534","10","4","5","200","33"
"2530","10","3","15","200","178"
"2535","10","4","5","200","41"
"2527","10","3","15","200","182"
"2536","10","4","5","200","38"
"2538","10","4","5","200","40"
"2540","10","4","5","200","38"
"2542","10","4","6","200","49"
"2537","10","4","5","200","36"
"2539","10","4","5","200","36"
"2541","10","4","6","200","40"
"2547","10","4","6","200","47"
"2545","10","4","6","200","47"
"2544","10","4","6","200","44"
"2546","10","4","6","200","43"
"2548","10","4","6","200","44"
"2543","10","4","6","200","38"
"2549","10","4","6","200","48"
"2550","10","4","6","200","46"
"2551","10","4","7","200","37"
"2552","10","4","7","200","44"
"2554","10","4","7","200","41"
"2553","10","4","7","200","47"
"2555","10","4","7","200","51"
"2559","10","4","7","200","43"
"2557","10","4","7","200","51"
"2558","10","4","7","200","45"
"2560","10","4","7","200","57"
"2561","10","4","8","200","58"
"2556","10","4","7","200","42"
"2564","10","4","8","200","64"
"2563","10","4","8","200","62"
"2562","10","4","8","200","85"
"2567","10","4","8","200","60"
"2565","10","4","8","200","77"
"2566","10","4","8","200","84"
"2568","10","4","8","200","59"
"2570","10","4","8","200","79"
"2571","10","4","9","200","47"
"2573","10","4","9","200","55"
"2572","10","4","9","200","49"
"2574","10","4","9","200","56"
"2576","10","4","9","200","61"
"2575","10","4","9","200","64"
"2569","10","4","8","200","69"
"2577","10","4","9","200","60"
"2579","10","4","9","200","57"
"2578","10","4","9","200","63"
"2580","10","4","9","200","59"
"2582","10","4","10","200","92"
"2581","10","4","10","200","71"
"2585","10","4","10","200","88"
"2583","10","4","10","200","75"
"2586","10","4","10","200","84"
"2587","10","4","10","200","62"
"2589","10","4","10","200","97"
"2588","10","4","10","200","92"
"2584","10","4","10","200","76"
"2591","10","4","11","200","87"
"2590","10","4","10","200","79"
"2593","10","4","11","200","75"
"2592","10","4","11","200","71"
"2595","10","4","11","200","101"
"2594","10","4","11","200","83"
"2598","10","4","11","200","75"
"2596","10","4","11","200","81"
"2599","10","4","11","200","74"
"2600","10","4","11","200","93"
"2602","10","4","12","200","146"
"2601","10","4","12","200","171"
"2604","10","4","12","200","153"
"2603","10","4","12","200","144"
"2607","10","4","12","200","162"
"2606","10","4","12","200","137"
"2608","10","4","12","200","135"
"2597","10","4","11","200","88"
"2605","10","4","12","200","164"
"2610","10","4","12","200","149"
"2611","10","4","13","200","93"
"2609","10","4","12","200","158"
"2612","10","4","13","200","112"
"2614","10","4","13","200","101"
"2617","10","4","13","200","109"
"2613","10","4","13","200","106"
"2616","10","4","13","200","129"
"2618","10","4","13","200","120"
"2615","10","4","13","200","85"
"2619","10","4","13","200","88"
"2620","10","4","13","200","94"
"2622","10","4","14","200","107"
"2621","10","4","14","200","134"
"2623","10","4","14","200","141"
"2624","10","4","14","200","101"
"2629","10","4","14","200","165"
"2628","10","4","14","200","131"
"2625","10","4","14","200","157"
"2630","10","4","14","200","148"
"2627","10","4","14","200","123"
"2626","10","4","14","200","154"
"2631","10","4","15","200","150"
"2633","10","4","15","200","105"
"2634","10","4","15","200","118"
"2636","10","4","15","200","103"
"2632","10","4","15","200","125"
"2635","10","4","15","200","131"
"2637","10","4","15","200","139"
"2641","10","5","5","200","43"
"2642","10","5","5","200","44"
"2640","10","4","15","200","131"
"2643","10","5","5","200","42"
"2639","10","4","15","200","132"
"2644","10","5","5","200","45"
"2638","10","4","15","200","149"
"2648","10","5","5","200","40"
"2645","10","5","5","200","37"
"2646","10","5","5","200","55"
"2647","10","5","5","200","44"
"2649","10","5","5","200","40"
"2650","10","5","5","200","46"
"2651","10","5","6","200","41"
"2653","10","5","6","200","42"
"2655","10","5","6","200","43"
"2656","10","5","6","200","40"
"2654","10","5","6","200","39"
"2652","10","5","6","200","37"
"2658","10","5","6","200","44"
"2657","10","5","6","200","41"
"2659","10","5","6","200","48"
"2660","10","5","6","200","34"
"2661","10","5","7","200","46"
"2662","10","5","7","200","45"
"2663","10","5","7","200","50"
"2665","10","5","7","200","41"
"2667","10","5","7","200","47"
"2666","10","5","7","200","47"
"2664","10","5","7","200","45"
"2668","10","5","7","200","42"
"2669","10","5","7","200","42"
"2670","10","5","7","200","45"
"2671","10","5","8","200","51"
"2672","10","5","8","200","47"
"2673","10","5","8","200","53"
"2674","10","5","8","200","46"
"2676","10","5","8","200","52"
"2677","10","5","8","200","51"
"2678","10","5","8","200","51"
"2679","10","5","8","200","51"
"2680","10","5","8","200","47"
"2681","10","5","9","200","56"
"2675","10","5","8","200","50"
"2683","10","5","9","200","56"
"2682","10","5","9","200","60"
"2684","10","5","9","200","59"
"2685","10","5","9","200","58"
"2687","10","5","9","200","62"
"2686","10","5","9","200","56"
"2688","10","5","9","200","64"
"2690","10","5","9","200","54"
"2692","10","5","10","200","123"
"2691","10","5","10","200","113"
"2693","10","5","10","200","135"
"2694","10","5","10","200","126"
"2696","10","5","10","200","115"
"2697","10","5","10","200","137"
"2695","10","5","10","200","117"
"2700","10","5","10","200","119"
"2689","10","5","9","200","52"
"2698","10","5","10","200","155"
"2699","10","5","10","200","96"
"2703","10","5","11","200","63"
"2701","10","5","11","200","76"
"2702","10","5","11","200","72"
"2705","10","5","11","200","73"
"2707","10","5","11","200","102"
"2704","10","5","11","200","84"
"2709","10","5","11","200","75"
"2708","10","5","11","200","87"
"2710","10","5","11","200","70"
"2711","10","5","12","200","81"
"2713","10","5","12","200","69"
"2712","10","5","12","200","81"
"2715","10","5","12","200","104"
"2706","10","5","11","200","57"
"2716","10","5","12","200","88"
"2714","10","5","12","200","103"
"2717","10","5","12","200","91"
"2719","10","5","12","200","96"
"2720","10","5","12","200","80"
"2721","10","5","13","200","99"
"2718","10","5","12","200","89"
"2723","10","5","13","200","100"
"2724","10","5","13","200","108"
"2725","10","5","13","200","98"
"2726","10","5","13","200","103"
"2728","10","5","13","200","121"
"2727","10","5","13","200","95"
"2729","10","5","13","200","107"
"2722","10","5","13","200","92"
"2734","10","5","14","200","126"
"2730","10","5","13","200","106"
"2733","10","5","14","200","110"
"2735","10","5","14","200","114"
"2731","10","5","14","200","103"
"2732","10","5","14","200","129"
"2736","10","5","14","200","107"
"2738","10","5","14","200","99"
"2737","10","5","14","200","113"
"2740","10","5","14","200","104"
"2739","10","5","14","200","133"
"2741","10","5","15","200","249"
"2742","10","5","15","200","238"
"2743","10","5","15","200","189"
"2744","10","5","15","200","213"
"2745","10","5","15","200","235"
"2747","10","5","15","200","255"
"2748","10","5","15","200","204"
"2749","10","5","15","200","203"
"2746","10","5","15","200","253"
"2750","10","5","15","200","237"
